Customer_ID,Company_Name,Segment_Current,Start_Date,End_Date
C0001,Enterprise_1,Enterprise,2023-03-01,
C0002,Enterprise_2,Enterprise,2021-01-01,
C0003,Enterprise_3,Enterprise,2022-09-01,
C0004,Enterprise_4,Enterprise,2023-02-01,
C0005,Enterprise_5,Enterprise,2022-04-01,
C0006,Enterprise_6,Enterprise,2021-07-01,
C0007,Enterprise_7,Enterprise,2021-07-01,
C0008,Enterprise_8,Enterprise,2023-02-01,
C0009,Enterprise_9,Enterprise,2021-06-01,
C0010,Enterprise_10,Enterprise,2021-03-01,
C0011,Enterprise_11,Enterprise,2022-11-01,
C0012,Enterprise_12,Enterprise,2023-10-01,
C0013,Enterprise_13,Enterprise,2021-01-01,
C0014,Enterprise_14,Enterprise,2022-04-01,
C0015,Enterprise_15,Enterprise,2023-04-01,
C0016,Enterprise_16,Enterprise,2022-08-01,
C0017,Enterprise_17,Enterprise,2022-12-01,
C0018,Enterprise_18,Enterprise,2021-10-01,
C0019,Enterprise_19,Enterprise,2023-09-01,
C0020,Enterprise_20,Enterprise,2022-12-01,
C0021,Enterprise_21,Enterprise,2022-05-01,
C0022,Enterprise_22,Enterprise,2021-05-01,
C0023,Enterprise_23,Enterprise,2021-12-01,
C0024,Enterprise_24,Enterprise,2022-10-01,
C0025,Enterprise_25,Enterprise,2022-02-01,
C0026,Enterprise_26,Enterprise,2022-02-01,
C0027,Enterprise_27,Enterprise,2022-08-01,
C0028,Enterprise_28,Enterprise,2022-04-01,
C0029,Enterprise_29,Enterprise,2022-09-01,
C0030,Enterprise_30,Enterprise,2022-07-01,
C0031,Enterprise_31,Enterprise,2023-04-01,
C0032,Enterprise_32,Enterprise,2022-05-01,
C0033,Enterprise_33,Enterprise,2023-09-01,
C0034,Enterprise_34,Enterprise,2021-10-01,
C0035,Enterprise_35,Enterprise,2021-03-01,
C0036,Enterprise_36,Enterprise,2021-10-01,
C0037,Enterprise_37,Enterprise,2021-04-01,
C0038,Enterprise_38,Enterprise,2023-05-01,
C0039,Enterprise_39,Enterprise,2021-02-01,
C0040,Enterprise_40,Enterprise,2022-08-01,
C0041,Enterprise_41,Enterprise,2022-05-01,
C0042,Enterprise_42,Enterprise,2023-05-01,
C0043,Enterprise_43,Enterprise,2021-07-01,
C0044,Enterprise_44,Enterprise,2023-06-01,
C0045,Enterprise_45,Enterprise,2021-11-01,
C0046,Enterprise_46,Enterprise,2023-02-01,
C0047,Enterprise_47,Enterprise,2021-10-01,
C0048,Enterprise_48,Enterprise,2023-07-01,
C0049,Enterprise_49,Enterprise,2021-11-01,
C0050,Enterprise_50,Enterprise,2021-06-01,
C0051,Enterprise_51,Enterprise,2022-01-01,
C0052,Enterprise_52,Enterprise,2021-03-01,
C0053,Enterprise_53,Enterprise,2023-05-01,
C0054,Enterprise_54,Enterprise,2021-05-01,
C0055,Enterprise_55,Enterprise,2021-12-01,
C0056,Enterprise_56,Enterprise,2023-10-01,
C0057,Enterprise_57,Enterprise,2023-12-01,
C0058,Enterprise_58,Enterprise,2022-03-01,
C0059,Enterprise_59,Enterprise,2023-05-01,
C0060,Enterprise_60,Enterprise,2021-08-01,
C0061,Enterprise_61,Enterprise,2022-07-01,
C0062,Enterprise_62,Enterprise,2023-08-01,
C0063,Enterprise_63,Enterprise,2022-05-01,
C0064,Enterprise_64,Enterprise,2022-07-01,
C0065,Enterprise_65,Enterprise,2021-02-01,
C0066,Enterprise_66,Enterprise,2021-12-01,
C0067,Enterprise_67,Enterprise,2021-03-01,
C0068,Enterprise_68,Enterprise,2021-10-01,
C0069,Enterprise_69,Enterprise,2021-11-01,
C0070,Enterprise_70,Enterprise,2023-03-01,
C0071,Enterprise_71,Enterprise,2021-02-01,
C0072,Enterprise_72,Enterprise,2022-02-01,
C0073,Enterprise_73,Enterprise,2021-10-01,
C0074,Enterprise_74,Enterprise,2022-09-01,
C0075,Enterprise_75,Enterprise,2021-11-01,
C0076,Enterprise_76,Enterprise,2021-02-01,
C0077,Enterprise_77,Enterprise,2023-07-01,
C0078,Enterprise_78,Enterprise,2023-02-01,
C0079,Enterprise_79,Enterprise,2023-07-01,
C0080,Enterprise_80,Enterprise,2022-01-01,
C0081,Enterprise_81,Enterprise,2022-07-01,
C0082,Enterprise_82,Enterprise,2022-04-01,
C0083,Enterprise_83,Enterprise,2022-07-01,
C0084,Enterprise_84,Enterprise,2021-09-01,
C0085,Enterprise_85,Enterprise,2021-10-01,
C0086,Enterprise_86,Enterprise,2021-01-01,
C0087,Enterprise_87,Enterprise,2021-10-01,
C0088,Enterprise_88,Enterprise,2021-08-01,
C0089,Enterprise_89,Enterprise,2022-06-01,
C0090,Enterprise_90,Enterprise,2022-06-01,
C0091,Enterprise_91,Enterprise,2022-03-01,
C0092,Enterprise_92,Enterprise,2021-10-01,
C0093,Enterprise_93,Enterprise,2021-02-01,
C0094,Enterprise_94,Enterprise,2023-12-01,
C0095,Enterprise_95,Enterprise,2021-11-01,
C0096,Enterprise_96,Enterprise,2022-04-01,
C0097,Enterprise_97,Enterprise,2023-12-01,
C0098,Enterprise_98,Enterprise,2022-02-01,
C0099,Enterprise_99,Enterprise,2021-10-01,
C0100,Enterprise_100,Enterprise,2022-05-01,
C0101,Enterprise_101,Enterprise,2022-06-01,
C0102,Enterprise_102,Enterprise,2023-06-01,
C0103,Enterprise_103,Enterprise,2021-03-01,
C0104,Enterprise_104,Enterprise,2022-03-01,
C0105,Enterprise_105,Enterprise,2023-03-01,
C0106,Enterprise_106,Enterprise,2022-12-01,
C0107,Enterprise_107,Enterprise,2022-07-01,
C0108,Enterprise_108,Enterprise,2021-02-01,
C0109,Enterprise_109,Enterprise,2021-11-01,
C0110,Enterprise_110,Enterprise,2022-06-01,
C0111,Enterprise_111,Enterprise,2021-10-01,
C0112,Enterprise_112,Enterprise,2022-04-01,
C0113,Enterprise_113,Enterprise,2022-10-01,
C0114,Enterprise_114,Enterprise,2021-05-01,
C0115,Enterprise_115,Enterprise,2021-02-01,
C0116,Enterprise_116,Enterprise,2021-11-01,
C0117,Enterprise_117,Enterprise,2021-04-01,
C0118,Enterprise_118,Enterprise,2021-06-01,
C0119,Enterprise_119,Enterprise,2023-08-01,
C0120,Enterprise_120,Enterprise,2021-12-01,
C0121,Enterprise_121,Enterprise,2021-07-01,
C0122,Enterprise_122,Enterprise,2023-02-01,
C0123,Enterprise_123,Enterprise,2021-04-01,
C0124,Enterprise_124,Enterprise,2023-01-01,
C0125,Enterprise_125,Enterprise,2022-03-01,
C0126,Enterprise_126,Enterprise,2022-07-01,
C0127,Enterprise_127,Enterprise,2021-05-01,
C0128,Enterprise_128,Enterprise,2021-06-01,
C0129,Enterprise_129,Enterprise,2022-09-01,
C0130,Enterprise_130,Enterprise,2021-02-01,
C0131,Enterprise_131,Enterprise,2021-08-01,
C0132,Enterprise_132,Enterprise,2022-05-01,
C0133,Enterprise_133,Enterprise,2021-07-01,
C0134,Enterprise_134,Enterprise,2021-12-01,
C0135,Enterprise_135,Enterprise,2023-09-01,
C0136,Enterprise_136,Enterprise,2023-09-01,
C0137,Enterprise_137,Enterprise,2022-06-01,
C0138,Enterprise_138,Enterprise,2022-05-01,
C0139,Enterprise_139,Enterprise,2021-01-01,
C0140,Enterprise_140,Enterprise,2023-12-01,
C0141,Enterprise_141,Enterprise,2022-06-01,
C0142,Enterprise_142,Enterprise,2023-04-01,
C0143,Enterprise_143,Enterprise,2022-06-01,
C0144,Enterprise_144,Enterprise,2023-07-01,
C0145,Enterprise_145,Enterprise,2022-07-01,
C0146,Enterprise_146,Enterprise,2022-12-01,
C0147,Enterprise_147,Enterprise,2021-05-01,
C0148,Enterprise_148,Enterprise,2022-02-01,
C0149,Enterprise_149,Enterprise,2022-11-01,
C0150,Enterprise_150,Enterprise,2021-04-01,
C0151,Enterprise_151,Enterprise,2022-02-01,
C0152,Enterprise_152,Enterprise,2021-06-01,
C0153,Enterprise_153,Enterprise,2022-04-01,
C0154,Enterprise_154,Enterprise,2023-05-01,
C0155,Enterprise_155,Enterprise,2021-03-01,
C0156,Enterprise_156,Enterprise,2023-04-01,
C0157,Enterprise_157,Enterprise,2022-06-01,
C0158,Enterprise_158,Enterprise,2022-07-01,
C0159,Enterprise_159,Enterprise,2021-07-01,
C0160,Enterprise_160,Enterprise,2022-02-01,
C0161,Enterprise_161,Enterprise,2021-10-01,
C0162,Enterprise_162,Enterprise,2021-02-01,
C0163,Enterprise_163,Enterprise,2021-01-01,
C0164,Enterprise_164,Enterprise,2022-02-01,
C0165,Enterprise_165,Enterprise,2023-01-01,
C0166,Enterprise_166,Enterprise,2022-06-01,
C0167,Enterprise_167,Enterprise,2021-12-01,
C0168,Enterprise_168,Enterprise,2021-06-01,
C0169,Enterprise_169,Enterprise,2023-06-01,
C0170,Enterprise_170,Enterprise,2022-07-01,
C0171,Enterprise_171,Enterprise,2023-03-01,
C0172,Enterprise_172,Enterprise,2023-06-01,
C0173,Enterprise_173,Enterprise,2022-07-01,
C0174,Enterprise_174,Enterprise,2023-03-01,
C0175,Enterprise_175,Enterprise,2022-08-01,
C0176,Enterprise_176,Enterprise,2021-01-01,
C0177,Enterprise_177,Enterprise,2023-02-01,
C0178,Enterprise_178,Enterprise,2021-06-01,
C0179,Enterprise_179,Enterprise,2022-03-01,
C0180,Enterprise_180,Enterprise,2022-04-01,
C0181,Enterprise_181,Enterprise,2022-03-01,
C0182,Enterprise_182,Enterprise,2023-06-01,
C0183,Enterprise_183,Enterprise,2021-06-01,
C0184,Enterprise_184,Enterprise,2021-01-01,
C0185,Enterprise_185,Enterprise,2023-06-01,
C0186,Enterprise_186,Enterprise,2023-01-01,
C0187,Enterprise_187,Enterprise,2022-03-01,
C0188,Enterprise_188,Enterprise,2022-01-01,
C0189,Enterprise_189,Enterprise,2021-04-01,
C0190,Enterprise_190,Enterprise,2021-11-01,
C0191,Enterprise_191,Enterprise,2021-03-01,
C0192,Enterprise_192,Enterprise,2022-12-01,
C0193,Enterprise_193,Enterprise,2021-03-01,
C0194,Enterprise_194,Enterprise,2021-07-01,
C0195,Enterprise_195,Enterprise,2022-06-01,
C0196,Enterprise_196,Enterprise,2021-10-01,
C0197,Enterprise_197,Enterprise,2022-10-01,
C0198,Enterprise_198,Enterprise,2023-04-01,
C0199,Enterprise_199,Enterprise,2021-11-01,
C0200,Enterprise_200,Enterprise,2021-03-01,
C0201,Enterprise_201,Enterprise,2023-04-01,
C0202,Enterprise_202,Enterprise,2023-03-01,
C0203,Enterprise_203,Enterprise,2022-01-01,
C0204,Enterprise_204,Enterprise,2023-07-01,
C0205,Enterprise_205,Enterprise,2021-12-01,
C0206,Enterprise_206,Enterprise,2021-08-01,
C0207,Enterprise_207,Enterprise,2023-05-01,
C0208,Enterprise_208,Enterprise,2023-01-01,
C0209,Enterprise_209,Enterprise,2022-04-01,
C0210,Enterprise_210,Enterprise,2022-09-01,
C0211,Enterprise_211,Enterprise,2021-07-01,
C0212,Enterprise_212,Enterprise,2023-08-01,
C0213,Enterprise_213,Enterprise,2023-11-01,
C0214,Enterprise_214,Enterprise,2021-10-01,
C0215,Enterprise_215,Enterprise,2023-07-01,
C0216,Enterprise_216,Enterprise,2021-10-01,
C0217,Enterprise_217,Enterprise,2021-01-01,
C0218,Enterprise_218,Enterprise,2021-02-01,
C0219,Enterprise_219,Enterprise,2021-06-01,
C0220,Enterprise_220,Enterprise,2021-03-01,
C0221,Enterprise_221,Enterprise,2021-08-01,
C0222,Enterprise_222,Enterprise,2023-09-01,
C0223,Enterprise_223,Enterprise,2022-03-01,
C0224,Enterprise_224,Enterprise,2021-05-01,
C0225,Enterprise_225,Enterprise,2023-04-01,
C0226,Enterprise_226,Enterprise,2022-01-01,
C0227,Enterprise_227,Enterprise,2021-01-01,
C0228,Enterprise_228,Enterprise,2023-06-01,
C0229,Enterprise_229,Enterprise,2021-09-01,
C0230,Enterprise_230,Enterprise,2022-12-01,
C0231,Enterprise_231,Enterprise,2021-11-01,
C0232,Enterprise_232,Enterprise,2023-04-01,
C0233,Enterprise_233,Enterprise,2023-06-01,
C0234,Enterprise_234,Enterprise,2022-05-01,
C0235,Enterprise_235,Enterprise,2022-06-01,
C0236,Enterprise_236,Enterprise,2021-04-01,
C0237,Enterprise_237,Enterprise,2021-12-01,
C0238,Enterprise_238,Enterprise,2022-02-01,
C0239,Enterprise_239,Enterprise,2022-04-01,
C0240,Enterprise_240,Enterprise,2023-08-01,
C0241,Enterprise_241,Enterprise,2021-10-01,
C0242,Enterprise_242,Enterprise,2022-01-01,
C0243,Enterprise_243,Enterprise,2023-04-01,
C0244,Enterprise_244,Enterprise,2022-01-01,
C0245,Enterprise_245,Enterprise,2021-06-01,
C0246,Enterprise_246,Enterprise,2023-06-01,
C0247,Enterprise_247,Enterprise,2022-06-01,
C0248,Enterprise_248,Enterprise,2021-02-01,
C0249,Enterprise_249,Enterprise,2023-12-01,
C0250,Enterprise_250,Enterprise,2021-08-01,
C0251,Enterprise_251,Enterprise,2022-08-01,
C0252,Enterprise_252,Enterprise,2021-12-01,
C0253,Enterprise_253,Enterprise,2023-04-01,
C0254,Enterprise_254,Enterprise,2022-08-01,
C0255,Enterprise_255,Enterprise,2023-05-01,
C0256,Enterprise_256,Enterprise,2021-09-01,
C0257,Enterprise_257,Enterprise,2021-09-01,
C0258,Enterprise_258,Enterprise,2022-07-01,
C0259,Enterprise_259,Enterprise,2023-10-01,
C0260,Enterprise_260,Enterprise,2022-12-01,
C0261,Enterprise_261,Enterprise,2021-09-01,
C0262,Enterprise_262,Enterprise,2021-04-01,
C0263,Enterprise_263,Enterprise,2022-03-01,
C0264,Enterprise_264,Enterprise,2023-11-01,
C0265,Enterprise_265,Enterprise,2022-11-01,
C0266,Enterprise_266,Enterprise,2021-06-01,
C0267,Enterprise_267,Enterprise,2021-02-01,
C0268,Enterprise_268,Enterprise,2023-10-01,
C0269,Enterprise_269,Enterprise,2023-06-01,
C0270,Enterprise_270,Enterprise,2023-05-01,
C0271,Enterprise_271,Enterprise,2023-11-01,
C0272,Enterprise_272,Enterprise,2022-07-01,
C0273,Enterprise_273,Enterprise,2023-10-01,
C0274,Enterprise_274,Enterprise,2021-05-01,
C0275,Enterprise_275,Enterprise,2021-04-01,
C0276,Enterprise_276,Enterprise,2021-12-01,
C0277,Enterprise_277,Enterprise,2023-02-01,
C0278,Enterprise_278,Enterprise,2021-10-01,
C0279,Enterprise_279,Enterprise,2022-09-01,
C0280,Enterprise_280,Enterprise,2021-01-01,
C0281,Enterprise_281,Enterprise,2022-05-01,
C0282,Enterprise_282,Enterprise,2021-11-01,
C0283,Enterprise_283,Enterprise,2023-08-01,
C0284,Enterprise_284,Enterprise,2023-10-01,
C0285,Enterprise_285,Enterprise,2021-12-01,
C0286,Enterprise_286,Enterprise,2022-01-01,
C0287,Enterprise_287,Enterprise,2023-08-01,
C0288,Enterprise_288,Enterprise,2021-02-01,
C0289,Enterprise_289,Enterprise,2022-01-01,
C0290,Enterprise_290,Enterprise,2021-05-01,
C0291,Enterprise_291,Enterprise,2021-03-01,
C0292,Enterprise_292,Enterprise,2023-03-01,
C0293,Enterprise_293,Enterprise,2021-10-01,
C0294,Enterprise_294,Enterprise,2022-07-01,
C0295,Enterprise_295,Enterprise,2023-07-01,
C0296,Enterprise_296,Enterprise,2023-07-01,
C0297,Enterprise_297,Enterprise,2022-07-01,
C0298,Enterprise_298,Enterprise,2022-09-01,
C0299,Enterprise_299,Enterprise,2021-02-01,
C0300,Enterprise_300,Enterprise,2021-10-01,
C0301,Enterprise_301,Enterprise,2022-11-01,
C0302,Enterprise_302,Enterprise,2021-06-01,
C0303,Enterprise_303,Enterprise,2023-04-01,
C0304,Enterprise_304,Enterprise,2022-04-01,
C0305,Enterprise_305,Enterprise,2023-02-01,
C0306,Enterprise_306,Enterprise,2021-06-01,
C0307,Enterprise_307,Enterprise,2021-03-01,
C0308,Enterprise_308,Enterprise,2022-03-01,
C0309,Enterprise_309,Enterprise,2022-05-01,
C0310,Enterprise_310,Enterprise,2022-11-01,
C0311,Enterprise_311,Enterprise,2021-07-01,
C0312,Enterprise_312,Enterprise,2022-10-01,
C0313,Enterprise_313,Enterprise,2023-04-01,
C0314,Enterprise_314,Enterprise,2021-02-01,
C0315,Enterprise_315,Enterprise,2023-11-01,
C0316,Enterprise_316,Enterprise,2023-11-01,
C0317,Enterprise_317,Enterprise,2022-05-01,
C0318,Enterprise_318,Enterprise,2021-03-01,
C0319,Enterprise_319,Enterprise,2021-11-01,
C0320,Enterprise_320,Enterprise,2021-01-01,
C0321,Enterprise_321,Enterprise,2023-04-01,
C0322,Enterprise_322,Enterprise,2021-07-01,
C0323,Enterprise_323,Enterprise,2021-05-01,
C0324,Enterprise_324,Enterprise,2022-12-01,
C0325,Enterprise_325,Enterprise,2021-02-01,
C0326,Enterprise_326,Enterprise,2021-08-01,
C0327,Enterprise_327,Enterprise,2022-04-01,
C0328,Enterprise_328,Enterprise,2023-12-01,
C0329,Enterprise_329,Enterprise,2021-05-01,
C0330,Enterprise_330,Enterprise,2022-02-01,
C0331,Enterprise_331,Enterprise,2022-07-01,
C0332,Enterprise_332,Enterprise,2021-04-01,
C0333,Enterprise_333,Enterprise,2021-09-01,
C0334,Enterprise_334,Enterprise,2022-12-01,
C0335,Enterprise_335,Enterprise,2022-05-01,
C0336,Enterprise_336,Enterprise,2023-06-01,
C0337,Enterprise_337,Enterprise,2022-06-01,
C0338,Enterprise_338,Enterprise,2021-06-01,
C0339,Enterprise_339,Enterprise,2022-08-01,
C0340,Enterprise_340,Enterprise,2023-08-01,
C0341,Enterprise_341,Enterprise,2022-04-01,
C0342,Enterprise_342,Enterprise,2022-08-01,
C0343,Enterprise_343,Enterprise,2022-04-01,
C0344,Enterprise_344,Enterprise,2023-09-01,
C0345,Enterprise_345,Enterprise,2022-01-01,
C0346,Enterprise_346,Enterprise,2022-05-01,
C0347,Enterprise_347,Enterprise,2021-11-01,
C0348,Enterprise_348,Enterprise,2021-04-01,
C0349,Enterprise_349,Enterprise,2022-10-01,
C0350,Enterprise_350,Enterprise,2023-10-01,
C0351,Enterprise_351,Enterprise,2022-08-01,
C0352,Enterprise_352,Enterprise,2023-06-01,
C0353,Enterprise_353,Enterprise,2021-07-01,
C0354,Enterprise_354,Enterprise,2023-08-01,
C0355,Enterprise_355,Enterprise,2021-01-01,
C0356,Enterprise_356,Enterprise,2021-07-01,
C0357,Enterprise_357,Enterprise,2021-05-01,
C0358,Enterprise_358,Enterprise,2023-09-01,
C0359,Enterprise_359,Enterprise,2023-09-01,
C0360,Enterprise_360,Enterprise,2022-06-01,
C0361,Enterprise_361,Enterprise,2021-03-01,
C0362,Enterprise_362,Enterprise,2021-04-01,
C0363,Enterprise_363,Enterprise,2023-03-01,
C0364,Enterprise_364,Enterprise,2023-01-01,
C0365,Enterprise_365,Enterprise,2021-03-01,
C0366,Enterprise_366,Enterprise,2021-12-01,
C0367,Enterprise_367,Enterprise,2023-03-01,
C0368,Enterprise_368,Enterprise,2021-05-01,
C0369,Enterprise_369,Enterprise,2022-05-01,
C0370,Enterprise_370,Enterprise,2023-02-01,
C0371,Enterprise_371,Enterprise,2021-09-01,
C0372,Enterprise_372,Enterprise,2022-06-01,
C0373,Enterprise_373,Enterprise,2022-03-01,
C0374,Enterprise_374,Enterprise,2022-06-01,
C0375,Enterprise_375,Enterprise,2022-02-01,
C0376,Enterprise_376,Enterprise,2022-11-01,
C0377,Enterprise_377,Enterprise,2022-12-01,
C0378,Enterprise_378,Enterprise,2023-02-01,
C0379,Enterprise_379,Enterprise,2021-02-01,
C0380,Enterprise_380,Enterprise,2022-11-01,
C0381,Enterprise_381,Enterprise,2022-03-01,
C0382,Enterprise_382,Enterprise,2021-04-01,
C0383,Enterprise_383,Enterprise,2022-08-01,
C0384,Enterprise_384,Enterprise,2023-05-01,
C0385,Enterprise_385,Enterprise,2023-01-01,
C0386,Enterprise_386,Enterprise,2021-10-01,
C0387,Enterprise_387,Enterprise,2021-03-01,
C0388,Enterprise_388,Enterprise,2021-02-01,
C0389,Enterprise_389,Enterprise,2022-06-01,
C0390,Enterprise_390,Enterprise,2021-05-01,
C0391,Enterprise_391,Enterprise,2021-09-01,
C0392,Enterprise_392,Enterprise,2021-08-01,
C0393,Enterprise_393,Enterprise,2021-01-01,
C0394,Enterprise_394,Enterprise,2021-05-01,
C0395,Enterprise_395,Enterprise,2021-02-01,
C0396,Enterprise_396,Enterprise,2023-12-01,
C0397,Enterprise_397,Enterprise,2021-12-01,
C0398,Enterprise_398,Enterprise,2023-05-01,
C0399,Enterprise_399,Enterprise,2022-01-01,
C0400,Enterprise_400,Enterprise,2021-08-01,
C0401,Enterprise_401,Enterprise,2021-08-01,
C0402,Enterprise_402,Enterprise,2023-03-01,
C0403,Enterprise_403,Enterprise,2022-10-01,
C0404,Enterprise_404,Enterprise,2022-12-01,
C0405,Enterprise_405,Enterprise,2023-06-01,
C0406,Enterprise_406,Enterprise,2022-05-01,
C0407,Enterprise_407,Enterprise,2022-02-01,
C0408,Enterprise_408,Enterprise,2022-06-01,
C0409,Enterprise_409,Enterprise,2022-09-01,
C0410,Enterprise_410,Enterprise,2023-03-01,
C0411,Enterprise_411,Enterprise,2023-08-01,
C0412,Enterprise_412,Enterprise,2021-10-01,
C0413,Enterprise_413,Enterprise,2021-05-01,
C0414,Enterprise_414,Enterprise,2023-02-01,
C0415,Enterprise_415,Enterprise,2022-05-01,
C0416,Enterprise_416,Enterprise,2023-03-01,
C0417,Enterprise_417,Enterprise,2022-02-01,
C0418,Enterprise_418,Enterprise,2023-06-01,
C0419,Enterprise_419,Enterprise,2022-05-01,
C0420,Enterprise_420,Enterprise,2021-08-01,
C0421,Enterprise_421,Enterprise,2021-02-01,
C0422,Enterprise_422,Enterprise,2021-03-01,
C0423,Enterprise_423,Enterprise,2021-06-01,
C0424,Enterprise_424,Enterprise,2022-02-01,
C0425,Enterprise_425,Enterprise,2023-04-01,
C0426,Enterprise_426,Enterprise,2023-09-01,
C0427,Enterprise_427,Enterprise,2022-06-01,
C0428,Enterprise_428,Enterprise,2021-09-01,
C0429,Enterprise_429,Enterprise,2022-09-01,
C0430,Enterprise_430,Enterprise,2022-09-01,
C0431,Enterprise_431,Enterprise,2022-04-01,
C0432,Enterprise_432,Enterprise,2023-11-01,
C0433,Enterprise_433,Enterprise,2023-04-01,
C0434,Enterprise_434,Enterprise,2023-09-01,
C0435,Enterprise_435,Enterprise,2022-08-01,
C0436,Enterprise_436,Enterprise,2023-12-01,
C0437,Enterprise_437,Enterprise,2022-12-01,
C0438,Enterprise_438,Enterprise,2021-01-01,
C0439,Enterprise_439,Enterprise,2021-09-01,
C0440,Enterprise_440,Enterprise,2023-06-01,
C0441,Enterprise_441,Enterprise,2022-02-01,
C0442,Enterprise_442,Enterprise,2021-06-01,
C0443,Enterprise_443,Enterprise,2021-04-01,
C0444,Enterprise_444,Enterprise,2023-04-01,
C0445,Enterprise_445,Enterprise,2022-09-01,
C0446,Enterprise_446,Enterprise,2022-04-01,
C0447,Enterprise_447,Enterprise,2021-09-01,
C0448,Enterprise_448,Enterprise,2022-09-01,
C0449,Enterprise_449,Enterprise,2021-12-01,
C0450,Enterprise_450,Enterprise,2022-05-01,
C0451,Enterprise_451,Enterprise,2023-02-01,
C0452,Enterprise_452,Enterprise,2023-06-01,
C0453,Enterprise_453,Enterprise,2021-04-01,
C0454,Enterprise_454,Enterprise,2022-04-01,
C0455,Enterprise_455,Enterprise,2022-09-01,
C0456,Enterprise_456,Enterprise,2021-05-01,
C0457,Enterprise_457,Enterprise,2021-01-01,
C0458,Enterprise_458,Enterprise,2023-11-01,
C0459,Enterprise_459,Enterprise,2023-04-01,
C0460,Enterprise_460,Enterprise,2021-09-01,
C0461,Enterprise_461,Enterprise,2021-09-01,
C0462,Enterprise_462,Enterprise,2021-04-01,
C0463,Enterprise_463,Enterprise,2022-03-01,
C0464,Enterprise_464,Enterprise,2023-10-01,
C0465,Enterprise_465,Enterprise,2023-09-01,
C0466,Enterprise_466,Enterprise,2021-08-01,
C0467,Enterprise_467,Enterprise,2022-01-01,
C0468,Enterprise_468,Enterprise,2023-11-01,
C0469,Enterprise_469,Enterprise,2021-09-01,
C0470,Enterprise_470,Enterprise,2023-10-01,
C0471,Enterprise_471,Enterprise,2023-03-01,
C0472,Enterprise_472,Enterprise,2023-08-01,
C0473,Enterprise_473,Enterprise,2023-07-01,
C0474,Enterprise_474,Enterprise,2021-05-01,
C0475,Enterprise_475,Enterprise,2023-03-01,
C0476,Enterprise_476,Enterprise,2023-09-01,
C0477,Enterprise_477,Enterprise,2023-06-01,
C0478,Enterprise_478,Enterprise,2022-12-01,
C0479,Enterprise_479,Enterprise,2021-10-01,
C0480,Enterprise_480,Enterprise,2021-11-01,
C0481,Enterprise_481,Enterprise,2021-08-01,
C0482,Enterprise_482,Enterprise,2021-03-01,
C0483,Enterprise_483,Enterprise,2021-07-01,
C0484,Enterprise_484,Enterprise,2022-08-01,
C0485,Enterprise_485,Enterprise,2023-10-01,
C0486,Enterprise_486,Enterprise,2022-11-01,
C0487,Enterprise_487,Enterprise,2022-06-01,
C0488,Enterprise_488,Enterprise,2021-09-01,
C0489,Enterprise_489,Enterprise,2022-05-01,
C0490,Enterprise_490,Enterprise,2023-04-01,
C0491,Enterprise_491,Enterprise,2021-10-01,
C0492,Enterprise_492,Enterprise,2021-06-01,
C0493,Enterprise_493,Enterprise,2021-01-01,
C0494,Enterprise_494,Enterprise,2023-01-01,
C0495,Enterprise_495,Enterprise,2021-02-01,
C0496,Enterprise_496,Enterprise,2022-02-01,
C0497,Enterprise_497,Enterprise,2023-05-01,
C0498,Enterprise_498,Enterprise,2021-01-01,
C0499,Enterprise_499,Enterprise,2022-04-01,
C0500,Enterprise_500,Enterprise,2022-03-01,
C0501,Enterprise_501,Enterprise,2021-01-01,
C0502,Enterprise_502,Enterprise,2021-01-01,
C0503,Enterprise_503,Enterprise,2021-11-01,
C0504,Enterprise_504,Enterprise,2021-02-01,
C0505,Enterprise_505,Enterprise,2022-07-01,
C0506,Enterprise_506,Enterprise,2023-08-01,
C0507,Enterprise_507,Enterprise,2022-01-01,
C0508,Enterprise_508,Enterprise,2021-02-01,
C0509,Enterprise_509,Enterprise,2021-03-01,
C0510,Enterprise_510,Enterprise,2021-03-01,
C0511,Enterprise_511,Enterprise,2023-04-01,
C0512,Enterprise_512,Enterprise,2023-04-01,
C0513,Enterprise_513,Enterprise,2021-01-01,
C0514,Enterprise_514,Enterprise,2023-07-01,
C0515,Enterprise_515,Enterprise,2023-09-01,
C0516,Enterprise_516,Enterprise,2022-01-01,
C0517,Enterprise_517,Enterprise,2021-09-01,
C0518,Enterprise_518,Enterprise,2023-06-01,
C0519,Enterprise_519,Enterprise,2022-08-01,
C0520,Enterprise_520,Enterprise,2021-05-01,
C0521,Enterprise_521,Enterprise,2021-08-01,
C0522,Enterprise_522,Enterprise,2023-06-01,
C0523,Enterprise_523,Enterprise,2023-06-01,
C0524,Enterprise_524,Enterprise,2021-07-01,
C0525,Enterprise_525,Enterprise,2023-04-01,
C0526,Enterprise_526,Enterprise,2022-05-01,
C0527,Enterprise_527,Enterprise,2022-08-01,
C0528,Enterprise_528,Enterprise,2022-05-01,
C0529,Enterprise_529,Enterprise,2022-09-01,
C0530,Enterprise_530,Enterprise,2021-01-01,
C0531,Enterprise_531,Enterprise,2021-01-01,
C0532,Enterprise_532,Enterprise,2022-11-01,
C0533,Enterprise_533,Enterprise,2021-06-01,
C0534,Enterprise_534,Enterprise,2022-11-01,
C0535,Enterprise_535,Enterprise,2021-09-01,
C0536,Enterprise_536,Enterprise,2021-02-01,
C0537,Enterprise_537,Enterprise,2022-06-01,
C0538,Enterprise_538,Enterprise,2021-10-01,
C0539,Enterprise_539,Enterprise,2021-10-01,
C0540,Enterprise_540,Enterprise,2023-11-01,
C0541,Enterprise_541,Enterprise,2021-07-01,
C0542,Enterprise_542,Enterprise,2021-11-01,
C0543,Enterprise_543,Enterprise,2021-04-01,
C0544,Enterprise_544,Enterprise,2022-01-01,
C0545,Enterprise_545,Enterprise,2021-03-01,
C0546,Enterprise_546,Enterprise,2022-04-01,
C0547,Enterprise_547,Enterprise,2023-01-01,
C0548,Enterprise_548,Enterprise,2021-01-01,
C0549,Enterprise_549,Enterprise,2021-03-01,
C0550,Enterprise_550,Enterprise,2021-02-01,
C0551,Enterprise_551,Enterprise,2023-08-01,
C0552,Enterprise_552,Enterprise,2023-12-01,
C0553,Enterprise_553,Enterprise,2022-05-01,
C0554,Enterprise_554,Enterprise,2021-07-01,
C0555,Enterprise_555,Enterprise,2023-10-01,
C0556,Enterprise_556,Enterprise,2022-10-01,
C0557,Enterprise_557,Enterprise,2023-04-01,
C0558,Enterprise_558,Enterprise,2022-04-01,
C0559,Enterprise_559,Enterprise,2023-03-01,
C0560,Enterprise_560,Enterprise,2021-11-01,
C0561,Enterprise_561,Enterprise,2021-04-01,
C0562,Enterprise_562,Enterprise,2023-08-01,
C0563,Enterprise_563,Enterprise,2021-01-01,
C0564,Enterprise_564,Enterprise,2021-03-01,
C0565,Enterprise_565,Enterprise,2021-05-01,
C0566,Enterprise_566,Enterprise,2023-10-01,
C0567,Enterprise_567,Enterprise,2021-10-01,
C0568,Enterprise_568,Enterprise,2021-07-01,
C0569,Enterprise_569,Enterprise,2021-08-01,
C0570,Enterprise_570,Enterprise,2021-03-01,
C0571,Enterprise_571,Enterprise,2022-01-01,
C0572,Enterprise_572,Enterprise,2023-01-01,
C0573,Enterprise_573,Enterprise,2022-09-01,
C0574,Enterprise_574,Enterprise,2021-08-01,
C0575,Enterprise_575,Enterprise,2021-08-01,
C0576,Enterprise_576,Enterprise,2022-04-01,
C0577,Enterprise_577,Enterprise,2023-07-01,
C0578,Enterprise_578,Enterprise,2022-09-01,
C0579,Enterprise_579,Enterprise,2023-02-01,
C0580,Enterprise_580,Enterprise,2022-02-01,
C0581,Enterprise_581,Enterprise,2022-01-01,
C0582,Enterprise_582,Enterprise,2023-01-01,
C0583,Enterprise_583,Enterprise,2021-12-01,
C0584,Enterprise_584,Enterprise,2022-06-01,
C0585,Enterprise_585,Enterprise,2021-03-01,
C0586,Enterprise_586,Enterprise,2022-07-01,
C0587,Enterprise_587,Enterprise,2021-09-01,
C0588,Enterprise_588,Enterprise,2023-01-01,
C0589,Enterprise_589,Enterprise,2021-10-01,
C0590,Enterprise_590,Enterprise,2023-02-01,
C0591,Enterprise_591,Enterprise,2021-07-01,
C0592,Enterprise_592,Enterprise,2021-01-01,
C0593,Enterprise_593,Enterprise,2021-05-01,
C0594,Enterprise_594,Enterprise,2021-10-01,
C0595,Enterprise_595,Enterprise,2021-07-01,
C0596,Enterprise_596,Enterprise,2022-05-01,
C0597,Enterprise_597,Enterprise,2021-07-01,
C0598,Enterprise_598,Enterprise,2023-03-01,
C0599,Enterprise_599,Enterprise,2022-03-01,
C0600,Enterprise_600,Enterprise,2022-09-01,
C0601,Enterprise_601,Enterprise,2021-06-01,
C0602,Enterprise_602,Enterprise,2023-09-01,
C0603,Enterprise_603,Enterprise,2022-12-01,
C0604,Enterprise_604,Enterprise,2021-05-01,
C0605,Enterprise_605,Enterprise,2023-01-01,
C0606,Enterprise_606,Enterprise,2021-06-01,
C0607,Enterprise_607,Enterprise,2023-05-01,
C0608,Enterprise_608,Enterprise,2021-07-01,
C0609,Enterprise_609,Enterprise,2023-11-01,
C0610,Enterprise_610,Enterprise,2022-05-01,
C0611,Enterprise_611,Enterprise,2021-07-01,
C0612,Enterprise_612,Enterprise,2021-07-01,
C0613,Enterprise_613,Enterprise,2022-08-01,
C0614,Enterprise_614,Enterprise,2022-09-01,
C0615,Enterprise_615,Enterprise,2021-10-01,
C0616,Enterprise_616,Enterprise,2023-05-01,
C0617,Enterprise_617,Enterprise,2022-01-01,
C0618,Enterprise_618,Enterprise,2023-04-01,
C0619,Enterprise_619,Enterprise,2021-09-01,
C0620,Enterprise_620,Enterprise,2023-12-01,
C0621,Enterprise_621,Enterprise,2023-07-01,
C0622,Enterprise_622,Enterprise,2022-02-01,
C0623,Enterprise_623,Enterprise,2021-11-01,
C0624,Enterprise_624,Enterprise,2021-01-01,
C0625,Enterprise_625,Enterprise,2023-12-01,
C0626,Enterprise_626,Enterprise,2022-11-01,
C0627,Enterprise_627,Enterprise,2021-06-01,
C0628,Enterprise_628,Enterprise,2021-02-01,
C0629,Enterprise_629,Enterprise,2021-01-01,
C0630,Enterprise_630,Enterprise,2022-10-01,
C0631,Enterprise_631,Enterprise,2021-04-01,
C0632,Enterprise_632,Enterprise,2021-10-01,
C0633,Enterprise_633,Enterprise,2021-10-01,
C0634,Enterprise_634,Enterprise,2021-04-01,
C0635,Enterprise_635,Enterprise,2023-10-01,
C0636,Enterprise_636,Enterprise,2023-12-01,
C0637,Enterprise_637,Enterprise,2023-08-01,
C0638,Enterprise_638,Enterprise,2023-04-01,
C0639,Enterprise_639,Enterprise,2021-03-01,
C0640,Enterprise_640,Enterprise,2022-12-01,
C0641,Enterprise_641,Enterprise,2022-03-01,
C0642,Enterprise_642,Enterprise,2021-05-01,
C0643,Enterprise_643,Enterprise,2022-09-01,
C0644,Enterprise_644,Enterprise,2021-01-01,
C0645,Enterprise_645,Enterprise,2023-02-01,
C0646,Enterprise_646,Enterprise,2023-08-01,
C0647,Enterprise_647,Enterprise,2021-01-01,
C0648,Enterprise_648,Enterprise,2021-11-01,
C0649,Enterprise_649,Enterprise,2023-05-01,
C0650,Enterprise_650,Enterprise,2021-04-01,
C0651,Enterprise_651,Enterprise,2021-01-01,
C0652,Enterprise_652,Enterprise,2023-04-01,
C0653,Enterprise_653,Enterprise,2021-08-01,
C0654,Enterprise_654,Enterprise,2021-08-01,
C0655,Enterprise_655,Enterprise,2021-05-01,
C0656,Enterprise_656,Enterprise,2021-09-01,
C0657,Enterprise_657,Enterprise,2022-02-01,
C0658,Enterprise_658,Enterprise,2021-08-01,
C0659,Enterprise_659,Enterprise,2021-12-01,
C0660,Enterprise_660,Enterprise,2021-11-01,
C0661,Enterprise_661,Enterprise,2021-11-01,
C0662,Enterprise_662,Enterprise,2021-10-01,
C0663,Enterprise_663,Enterprise,2021-10-01,
C0664,Enterprise_664,Enterprise,2021-09-01,
C0665,Enterprise_665,Enterprise,2023-08-01,
C0666,Enterprise_666,Enterprise,2023-11-01,
C0667,Enterprise_667,Enterprise,2023-08-01,
C0668,Enterprise_668,Enterprise,2021-12-01,
C0669,Enterprise_669,Enterprise,2022-09-01,
C0670,Enterprise_670,Enterprise,2021-10-01,
C0671,Enterprise_671,Enterprise,2023-04-01,
C0672,Enterprise_672,Enterprise,2023-04-01,
C0673,Enterprise_673,Enterprise,2023-04-01,
C0674,Enterprise_674,Enterprise,2021-04-01,
C0675,Enterprise_675,Enterprise,2023-04-01,
C0676,Enterprise_676,Enterprise,2023-03-01,
C0677,Enterprise_677,Enterprise,2023-08-01,
C0678,Enterprise_678,Enterprise,2021-10-01,
C0679,Enterprise_679,Enterprise,2021-04-01,
C0680,Enterprise_680,Enterprise,2021-05-01,
C0681,Enterprise_681,Enterprise,2022-10-01,
C0682,Enterprise_682,Enterprise,2022-12-01,
C0683,Enterprise_683,Enterprise,2021-08-01,
C0684,Enterprise_684,Enterprise,2023-04-01,
C0685,Enterprise_685,Enterprise,2023-09-01,
C0686,Enterprise_686,Enterprise,2023-12-01,
C0687,Enterprise_687,Enterprise,2023-12-01,
C0688,Enterprise_688,Enterprise,2022-04-01,
C0689,Enterprise_689,Enterprise,2022-12-01,
C0690,Enterprise_690,Enterprise,2021-03-01,
C0691,Enterprise_691,Enterprise,2023-08-01,
C0692,Enterprise_692,Enterprise,2023-04-01,
C0693,Enterprise_693,Enterprise,2021-12-01,
C0694,Enterprise_694,Enterprise,2023-11-01,
C0695,Enterprise_695,Enterprise,2021-12-01,
C0696,Enterprise_696,Enterprise,2021-01-01,
C0697,Enterprise_697,Enterprise,2021-01-01,
C0698,Enterprise_698,Enterprise,2022-05-01,
C0699,Enterprise_699,Enterprise,2022-02-01,
C0700,Enterprise_700,Enterprise,2021-01-01,
C0701,Enterprise_701,Enterprise,2021-12-01,
C0702,Enterprise_702,Enterprise,2022-01-01,
C0703,Enterprise_703,Enterprise,2022-01-01,
C0704,Enterprise_704,Enterprise,2023-12-01,
C0705,Enterprise_705,Enterprise,2021-05-01,
C0706,Enterprise_706,Enterprise,2022-02-01,
C0707,Enterprise_707,Enterprise,2021-09-01,
C0708,Enterprise_708,Enterprise,2023-11-01,
C0709,Enterprise_709,Enterprise,2022-07-01,
C0710,Enterprise_710,Enterprise,2022-12-01,
C0711,Enterprise_711,Enterprise,2022-09-01,
C0712,Enterprise_712,Enterprise,2023-02-01,
C0713,Enterprise_713,Enterprise,2023-08-01,
C0714,Enterprise_714,Enterprise,2021-08-01,
C0715,Enterprise_715,Enterprise,2021-08-01,
C0716,Enterprise_716,Enterprise,2022-07-01,
C0717,Enterprise_717,Enterprise,2021-08-01,
C0718,Enterprise_718,Enterprise,2023-01-01,
C0719,Enterprise_719,Enterprise,2022-10-01,
C0720,Enterprise_720,Enterprise,2021-08-01,
C0721,Enterprise_721,Enterprise,2021-06-01,
C0722,Enterprise_722,Enterprise,2021-10-01,
C0723,Enterprise_723,Enterprise,2021-12-01,
C0724,Enterprise_724,Enterprise,2022-07-01,
C0725,Enterprise_725,Enterprise,2023-02-01,
C0726,Enterprise_726,Enterprise,2021-10-01,
C0727,Enterprise_727,Enterprise,2022-04-01,
C0728,Enterprise_728,Enterprise,2022-07-01,
C0729,Enterprise_729,Enterprise,2021-09-01,
C0730,Enterprise_730,Enterprise,2022-12-01,
C0731,Enterprise_731,Enterprise,2022-03-01,
C0732,Enterprise_732,Enterprise,2022-09-01,
C0733,Enterprise_733,Enterprise,2022-04-01,
C0734,Enterprise_734,Enterprise,2022-02-01,
C0735,Enterprise_735,Enterprise,2022-12-01,
C0736,Enterprise_736,Enterprise,2021-01-01,
C0737,Enterprise_737,Enterprise,2021-03-01,
C0738,Enterprise_738,Enterprise,2022-06-01,
C0739,Enterprise_739,Enterprise,2023-04-01,
C0740,Enterprise_740,Enterprise,2022-06-01,
C0741,Enterprise_741,Enterprise,2022-07-01,
C0742,Enterprise_742,Enterprise,2021-07-01,
C0743,Enterprise_743,Enterprise,2023-09-01,
C0744,Enterprise_744,Enterprise,2021-07-01,
C0745,Enterprise_745,Enterprise,2022-11-01,
C0746,Enterprise_746,Enterprise,2021-12-01,
C0747,Enterprise_747,Enterprise,2021-07-01,
C0748,Enterprise_748,Enterprise,2023-05-01,
C0749,Enterprise_749,Enterprise,2021-04-01,
C0750,Enterprise_750,Enterprise,2023-03-01,
C0751,Enterprise_751,Enterprise,2022-03-01,
C0752,Enterprise_752,Enterprise,2023-10-01,
C0753,Enterprise_753,Enterprise,2022-05-01,
C0754,Enterprise_754,Enterprise,2022-05-01,
C0755,Enterprise_755,Enterprise,2023-07-01,
C0756,Enterprise_756,Enterprise,2022-09-01,
C0757,Enterprise_757,Enterprise,2021-11-01,
C0758,Enterprise_758,Enterprise,2021-01-01,
C0759,Enterprise_759,Enterprise,2021-05-01,
C0760,Enterprise_760,Enterprise,2023-03-01,
C0761,Enterprise_761,Enterprise,2023-05-01,
C0762,Enterprise_762,Enterprise,2022-10-01,
C0763,Enterprise_763,Enterprise,2022-06-01,
C0764,Enterprise_764,Enterprise,2023-09-01,
C0765,Enterprise_765,Enterprise,2022-12-01,
C0766,Enterprise_766,Enterprise,2022-03-01,
C0767,Enterprise_767,Enterprise,2022-12-01,
C0768,Enterprise_768,Enterprise,2022-09-01,
C0769,Enterprise_769,Enterprise,2021-01-01,
C0770,Enterprise_770,Enterprise,2023-04-01,
C0771,Enterprise_771,Enterprise,2023-02-01,
C0772,Enterprise_772,Enterprise,2021-12-01,
C0773,Enterprise_773,Enterprise,2022-07-01,
C0774,Enterprise_774,Enterprise,2021-08-01,
C0775,Enterprise_775,Enterprise,2023-12-01,
C0776,Enterprise_776,Enterprise,2022-07-01,
C0777,Enterprise_777,Enterprise,2021-07-01,
C0778,Enterprise_778,Enterprise,2023-12-01,
C0779,Enterprise_779,Enterprise,2023-06-01,
C0780,Enterprise_780,Enterprise,2021-11-01,
C0781,Enterprise_781,Enterprise,2022-10-01,
C0782,Enterprise_782,Enterprise,2023-10-01,
C0783,Enterprise_783,Enterprise,2022-06-01,
C0784,Enterprise_784,Enterprise,2022-08-01,
C0785,Enterprise_785,Enterprise,2022-03-01,
C0786,Enterprise_786,Enterprise,2023-12-01,
C0787,Enterprise_787,Enterprise,2023-10-01,
C0788,Enterprise_788,Enterprise,2021-01-01,
C0789,Enterprise_789,Enterprise,2022-02-01,
C0790,Enterprise_790,Enterprise,2021-11-01,
C0791,Enterprise_791,Enterprise,2021-05-01,
C0792,Enterprise_792,Enterprise,2021-10-01,
C0793,Enterprise_793,Enterprise,2022-12-01,
C0794,Enterprise_794,Enterprise,2022-04-01,
C0795,Enterprise_795,Enterprise,2021-10-01,
C0796,Enterprise_796,Enterprise,2023-09-01,
C0797,Enterprise_797,Enterprise,2022-11-01,
C0798,Enterprise_798,Enterprise,2021-09-01,
C0799,Enterprise_799,Enterprise,2023-04-01,
C0800,Enterprise_800,Enterprise,2023-12-01,
C0801,Enterprise_801,Enterprise,2022-12-01,
C0802,Enterprise_802,Enterprise,2022-03-01,
C0803,Enterprise_803,Enterprise,2023-04-01,
C0804,Enterprise_804,Enterprise,2022-05-01,
C0805,Enterprise_805,Enterprise,2022-06-01,
C0806,Enterprise_806,Enterprise,2023-11-01,
C0807,Enterprise_807,Enterprise,2023-10-01,
C0808,Enterprise_808,Enterprise,2022-07-01,
C0809,Enterprise_809,Enterprise,2021-08-01,
C0810,Enterprise_810,Enterprise,2022-04-01,
C0811,Enterprise_811,Enterprise,2022-02-01,
C0812,Enterprise_812,Enterprise,2021-11-01,
C0813,Enterprise_813,Enterprise,2022-07-01,
C0814,Enterprise_814,Enterprise,2021-03-01,
C0815,Enterprise_815,Enterprise,2021-04-01,
C0816,Enterprise_816,Enterprise,2023-11-01,
C0817,Enterprise_817,Enterprise,2023-10-01,
C0818,Enterprise_818,Enterprise,2021-12-01,
C0819,Enterprise_819,Enterprise,2023-12-01,
C0820,Enterprise_820,Enterprise,2022-12-01,
C0821,Enterprise_821,Enterprise,2023-09-01,
C0822,Enterprise_822,Enterprise,2021-11-01,
C0823,Enterprise_823,Enterprise,2023-06-01,
C0824,Enterprise_824,Enterprise,2022-07-01,
C0825,Enterprise_825,Enterprise,2023-06-01,
C0826,Enterprise_826,Enterprise,2021-03-01,
C0827,Enterprise_827,Enterprise,2021-11-01,
C0828,Enterprise_828,Enterprise,2022-02-01,
C0829,Enterprise_829,Enterprise,2023-04-01,
C0830,Enterprise_830,Enterprise,2021-08-01,
C0831,Enterprise_831,Enterprise,2021-01-01,
C0832,Enterprise_832,Enterprise,2021-12-01,
C0833,Enterprise_833,Enterprise,2023-09-01,
C0834,Enterprise_834,Enterprise,2021-05-01,
C0835,Enterprise_835,Enterprise,2023-02-01,
C0836,Enterprise_836,Enterprise,2023-10-01,
C0837,Enterprise_837,Enterprise,2021-08-01,
C0838,Enterprise_838,Enterprise,2021-05-01,
C0839,Enterprise_839,Enterprise,2021-11-01,
C0840,Enterprise_840,Enterprise,2021-10-01,
C0841,Enterprise_841,Enterprise,2021-09-01,
C0842,Enterprise_842,Enterprise,2022-03-01,
C0843,Enterprise_843,Enterprise,2022-06-01,
C0844,Enterprise_844,Enterprise,2021-01-01,
C0845,Enterprise_845,Enterprise,2023-06-01,
C0846,Enterprise_846,Enterprise,2021-05-01,
C0847,Enterprise_847,Enterprise,2023-02-01,
C0848,Enterprise_848,Enterprise,2021-03-01,
C0849,Enterprise_849,Enterprise,2023-02-01,
C0850,Enterprise_850,Enterprise,2021-12-01,
C0851,Enterprise_851,Enterprise,2021-08-01,
C0852,Enterprise_852,Enterprise,2023-02-01,
C0853,Enterprise_853,Enterprise,2021-02-01,
C0854,Enterprise_854,Enterprise,2022-02-01,
C0855,Enterprise_855,Enterprise,2023-08-01,
C0856,Enterprise_856,Enterprise,2023-08-01,
C0857,Enterprise_857,Enterprise,2022-03-01,
C0858,Enterprise_858,Enterprise,2023-05-01,
C0859,Enterprise_859,Enterprise,2022-10-01,
C0860,Enterprise_860,Enterprise,2021-09-01,
C0861,Enterprise_861,Enterprise,2021-12-01,
C0862,Enterprise_862,Enterprise,2023-09-01,
C0863,Enterprise_863,Enterprise,2023-07-01,
C0864,Enterprise_864,Enterprise,2023-11-01,
C0865,Enterprise_865,Enterprise,2021-07-01,
C0866,Enterprise_866,Enterprise,2021-05-01,
C0867,Enterprise_867,Enterprise,2021-04-01,
C0868,Enterprise_868,Enterprise,2022-03-01,
C0869,Enterprise_869,Enterprise,2021-08-01,
C0870,Enterprise_870,Enterprise,2023-10-01,
C0871,Enterprise_871,Enterprise,2022-04-01,
C0872,Enterprise_872,Enterprise,2022-12-01,
C0873,Enterprise_873,Enterprise,2023-12-01,
C0874,Enterprise_874,Enterprise,2022-02-01,
C0875,Enterprise_875,Enterprise,2021-01-01,
C0876,Enterprise_876,Enterprise,2021-01-01,
C0877,Enterprise_877,Enterprise,2022-03-01,
C0878,Enterprise_878,Enterprise,2022-09-01,
C0879,Enterprise_879,Enterprise,2021-04-01,
C0880,Enterprise_880,Enterprise,2021-07-01,
C0881,Enterprise_881,Enterprise,2023-01-01,
C0882,Enterprise_882,Enterprise,2022-12-01,
C0883,Enterprise_883,Enterprise,2023-11-01,
C0884,Enterprise_884,Enterprise,2023-01-01,
C0885,Enterprise_885,Enterprise,2023-06-01,
C0886,Enterprise_886,Enterprise,2022-07-01,
C0887,Enterprise_887,Enterprise,2022-11-01,
C0888,Enterprise_888,Enterprise,2022-12-01,
C0889,Enterprise_889,Enterprise,2021-06-01,
C0890,Enterprise_890,Enterprise,2021-12-01,
C0891,Enterprise_891,Enterprise,2022-01-01,
C0892,Enterprise_892,Enterprise,2021-12-01,
C0893,Enterprise_893,Enterprise,2021-06-01,
C0894,Enterprise_894,Enterprise,2022-02-01,
C0895,Enterprise_895,Enterprise,2023-01-01,
C0896,Enterprise_896,Enterprise,2023-12-01,
C0897,Enterprise_897,Enterprise,2021-03-01,
C0898,Enterprise_898,Enterprise,2023-06-01,
C0899,Enterprise_899,Enterprise,2023-03-01,
C0900,Enterprise_900,Enterprise,2022-03-01,
C0901,SMB_1,SMB,2023-05-01,
C0902,SMB_2,SMB,2023-07-01,
C0903,SMB_3,SMB,2023-06-01,
C0904,SMB_4,SMB,2023-12-01,
C0905,SMB_5,SMB,2023-04-01,
C0906,SMB_6,SMB,2022-12-01,
C0907,SMB_7,SMB,2023-08-01,
C0908,SMB_8,SMB,2023-02-01,
C0909,SMB_9,SMB,2023-04-01,
C0910,SMB_10,SMB,2023-10-01,
C0911,SMB_11,SMB,2023-12-01,
C0912,SMB_12,SMB,2023-12-01,
C0913,SMB_13,SMB,2023-11-01,
C0914,SMB_14,SMB,2023-11-01,
C0915,SMB_15,SMB,2023-11-01,
C0916,SMB_16,SMB,2023-05-01,
C0917,SMB_17,SMB,2023-09-01,
C0918,SMB_18,SMB,2023-03-01,
C0919,SMB_19,SMB,2023-11-01,
C0920,SMB_20,SMB,2023-12-01,
C0921,SMB_21,SMB,2023-04-01,
C0922,SMB_22,SMB,2022-12-01,
C0923,SMB_23,SMB,2023-10-01,
C0924,SMB_24,SMB,2023-12-01,
C0925,SMB_25,SMB,2023-11-01,
C0926,SMB_26,SMB,2022-09-01,
C0927,SMB_27,SMB,2023-07-01,
C0928,SMB_28,SMB,2023-06-01,
C0929,SMB_29,SMB,2023-06-01,
C0930,SMB_30,SMB,2023-02-01,
C0931,SMB_31,SMB,2023-10-01,
C0932,SMB_32,SMB,2023-10-01,
C0933,SMB_33,SMB,2023-09-01,
C0934,SMB_34,SMB,2023-12-01,
C0935,SMB_35,SMB,2023-10-01,
C0936,SMB_36,SMB,2023-05-01,
C0937,SMB_37,SMB,2023-11-01,
C0938,SMB_38,SMB,2023-12-01,
C0939,SMB_39,SMB,2023-02-01,
C0940,SMB_40,SMB,2023-08-01,
C0941,SMB_41,SMB,2023-11-01,
C0942,SMB_42,SMB,2023-06-01,
C0943,SMB_43,SMB,2023-06-01,
C0944,SMB_44,SMB,2023-10-01,
C0945,SMB_45,SMB,2023-08-01,
C0946,SMB_46,SMB,2023-09-01,
C0947,SMB_47,SMB,2023-03-01,
C0948,SMB_48,SMB,2023-09-01,
C0949,SMB_49,SMB,2023-07-01,
C0950,SMB_50,SMB,2023-09-01,
C0951,SMB_51,SMB,2023-05-01,
C0952,SMB_52,SMB,2023-02-01,
C0953,SMB_53,SMB,2023-11-01,
C0954,SMB_54,SMB,2023-01-01,
C0955,SMB_55,SMB,2023-01-01,
C0956,SMB_56,SMB,2023-07-01,
C0957,SMB_57,SMB,2023-06-01,
C0958,SMB_58,SMB,2023-12-01,
C0959,SMB_59,SMB,2023-06-01,
C0960,SMB_60,SMB,2023-05-01,
C0961,SMB_61,SMB,2023-05-01,
C0962,SMB_62,SMB,2023-04-01,
C0963,SMB_63,SMB,2023-10-01,
C0964,SMB_64,SMB,2022-10-01,
C0965,SMB_65,SMB,2023-09-01,
C0966,SMB_66,SMB,2022-11-01,
C0967,SMB_67,SMB,2023-04-01,
C0968,SMB_68,SMB,2022-12-01,
C0969,SMB_69,SMB,2023-10-01,
C0970,SMB_70,SMB,2023-03-01,
C0971,SMB_71,SMB,2023-10-01,
C0972,SMB_72,SMB,2023-07-01,
C0973,SMB_73,SMB,2023-12-01,
C0974,SMB_74,SMB,2023-02-01,
C0975,SMB_75,SMB,2023-07-01,
C0976,SMB_76,SMB,2022-12-01,
C0977,SMB_77,SMB,2023-02-01,
C0978,SMB_78,SMB,2022-12-01,
C0979,SMB_79,SMB,2023-05-01,
C0980,SMB_80,SMB,2023-09-01,
C0981,SMB_81,SMB,2023-04-01,
C0982,SMB_82,SMB,2023-05-01,
C0983,SMB_83,SMB,2022-11-01,
C0984,SMB_84,SMB,2023-05-01,
C0985,SMB_85,SMB,2023-11-01,
C0986,SMB_86,SMB,2023-08-01,
C0987,SMB_87,SMB,2023-12-01,
C0988,SMB_88,SMB,2023-10-01,
C0989,SMB_89,SMB,2023-01-01,
C0990,SMB_90,SMB,2023-02-01,
C0991,SMB_91,SMB,2023-06-01,
C0992,SMB_92,SMB,2023-02-01,
C0993,SMB_93,SMB,2022-10-01,
C0994,SMB_94,SMB,2023-03-01,
C0995,SMB_95,SMB,2023-06-01,
C0996,SMB_96,SMB,2023-08-01,
C0997,SMB_97,SMB,2023-03-01,
C0998,SMB_98,SMB,2023-02-01,
C0999,SMB_99,SMB,2023-10-01,
C1000,SMB_100,SMB,2022-12-01,
C1001,SMB_101,SMB,2023-05-01,
C1002,SMB_102,SMB,2023-11-01,
C1003,SMB_103,SMB,2023-07-01,
C1004,SMB_104,SMB,2023-09-01,
C1005,SMB_105,SMB,2023-03-01,
C1006,SMB_106,SMB,2022-12-01,
C1007,SMB_107,SMB,2023-12-01,
C1008,SMB_108,SMB,2023-06-01,
C1009,SMB_109,SMB,2023-08-01,
C1010,SMB_110,SMB,2023-04-01,
C1011,SMB_111,SMB,2023-12-01,
C1012,SMB_112,SMB,2023-08-01,
C1013,SMB_113,SMB,2023-08-01,
C1014,SMB_114,SMB,2023-11-01,
C1015,SMB_115,SMB,2022-09-01,
C1016,SMB_116,SMB,2023-10-01,
C1017,SMB_117,SMB,2023-05-01,
C1018,SMB_118,SMB,2023-09-01,
C1019,SMB_119,SMB,2023-11-01,
C1020,SMB_120,SMB,2023-07-01,
C1021,SMB_121,SMB,2023-02-01,
C1022,SMB_122,SMB,2023-07-01,
C1023,SMB_123,SMB,2023-05-01,
C1024,SMB_124,SMB,2023-04-01,
C1025,SMB_125,SMB,2023-09-01,
C1026,SMB_126,SMB,2023-03-01,
C1027,SMB_127,SMB,2023-07-01,
C1028,SMB_128,SMB,2023-07-01,
C1029,SMB_129,SMB,2023-06-01,
C1030,SMB_130,SMB,2023-06-01,
C1031,SMB_131,SMB,2023-03-01,
C1032,SMB_132,SMB,2023-06-01,
C1033,SMB_133,SMB,2023-02-01,
C1034,SMB_134,SMB,2023-10-01,
C1035,SMB_135,SMB,2023-11-01,
C1036,SMB_136,SMB,2023-04-01,
C1037,SMB_137,SMB,2023-10-01,
C1038,SMB_138,SMB,2023-12-01,
C1039,SMB_139,SMB,2023-01-01,
C1040,SMB_140,SMB,2023-07-01,
C1041,SMB_141,SMB,2023-09-01,
C1042,SMB_142,SMB,2023-08-01,
C1043,SMB_143,SMB,2023-01-01,
C1044,SMB_144,SMB,2023-06-01,
C1045,SMB_145,SMB,2023-06-01,
C1046,SMB_146,SMB,2023-07-01,
C1047,SMB_147,SMB,2023-01-01,
C1048,SMB_148,SMB,2023-04-01,
C1049,SMB_149,SMB,2023-07-01,
C1050,SMB_150,SMB,2023-11-01,
C1051,SMB_151,SMB,2023-11-01,
C1052,SMB_152,SMB,2023-11-01,
C1053,SMB_153,SMB,2022-08-01,
C1054,SMB_154,SMB,2023-11-01,
C1055,SMB_155,SMB,2023-03-01,
C1056,SMB_156,SMB,2023-12-01,
C1057,SMB_157,SMB,2023-01-01,
C1058,SMB_158,SMB,2023-01-01,
C1059,SMB_159,SMB,2023-06-01,
C1060,SMB_160,SMB,2023-11-01,
C1061,SMB_161,SMB,2023-09-01,
C1062,SMB_162,SMB,2023-11-01,
C1063,SMB_163,SMB,2023-05-01,
C1064,SMB_164,SMB,2023-05-01,
C1065,SMB_165,SMB,2023-03-01,
C1066,SMB_166,SMB,2023-11-01,
C1067,SMB_167,SMB,2023-12-01,
C1068,SMB_168,SMB,2023-01-01,
C1069,SMB_169,SMB,2023-08-01,
C1070,SMB_170,SMB,2023-06-01,
C1071,SMB_171,SMB,2023-11-01,
C1072,SMB_172,SMB,2023-12-01,
C1073,SMB_173,SMB,2023-11-01,
C1074,SMB_174,SMB,2023-11-01,
C1075,SMB_175,SMB,2023-07-01,
C1076,SMB_176,SMB,2023-10-01,
C1077,SMB_177,SMB,2022-11-01,
C1078,SMB_178,SMB,2023-04-01,
C1079,SMB_179,SMB,2023-09-01,
C1080,SMB_180,SMB,2023-04-01,
C1081,SMB_181,SMB,2023-12-01,
C1082,SMB_182,SMB,2023-09-01,
C1083,SMB_183,SMB,2023-12-01,
C1084,SMB_184,SMB,2023-12-01,
C1085,SMB_185,SMB,2023-09-01,
C1086,SMB_186,SMB,2023-12-01,
C1087,SMB_187,SMB,2023-07-01,
C1088,SMB_188,SMB,2022-10-01,
C1089,SMB_189,SMB,2022-11-01,
C1090,SMB_190,SMB,2023-05-01,
C1091,SMB_191,SMB,2023-03-01,
C1092,SMB_192,SMB,2023-12-01,
C1093,SMB_193,SMB,2023-01-01,
C1094,SMB_194,SMB,2023-08-01,
C1095,SMB_195,SMB,2023-12-01,
C1096,SMB_196,SMB,2023-12-01,
C1097,SMB_197,SMB,2023-02-01,
C1098,SMB_198,SMB,2023-06-01,
C1099,SMB_199,SMB,2023-10-01,
C1100,SMB_200,SMB,2023-06-01,
C1101,SMB_201,SMB,2023-09-01,
C1102,SMB_202,SMB,2023-02-01,
C1103,SMB_203,SMB,2023-07-01,
C1104,SMB_204,SMB,2023-04-01,
C1105,SMB_205,SMB,2023-11-01,
C1106,SMB_206,SMB,2022-11-01,
C1107,SMB_207,SMB,2023-10-01,
C1108,SMB_208,SMB,2023-10-01,
C1109,SMB_209,SMB,2023-01-01,
C1110,SMB_210,SMB,2023-02-01,
C1111,SMB_211,SMB,2023-11-01,
C1112,SMB_212,SMB,2023-12-01,
C1113,SMB_213,SMB,2023-12-01,
C1114,SMB_214,SMB,2023-10-01,
C1115,SMB_215,SMB,2023-10-01,
C1116,SMB_216,SMB,2023-04-01,
C1117,SMB_217,SMB,2023-11-01,
C1118,SMB_218,SMB,2022-09-01,
C1119,SMB_219,SMB,2023-02-01,
C1120,SMB_220,SMB,2023-06-01,
C1121,SMB_221,SMB,2023-06-01,
C1122,SMB_222,SMB,2023-07-01,
C1123,SMB_223,SMB,2023-11-01,
C1124,SMB_224,SMB,2023-10-01,
C1125,SMB_225,SMB,2023-07-01,
C1126,SMB_226,SMB,2023-10-01,
C1127,SMB_227,SMB,2023-01-01,
C1128,SMB_228,SMB,2023-04-01,
C1129,SMB_229,SMB,2023-10-01,
C1130,SMB_230,SMB,2023-12-01,
C1131,SMB_231,SMB,2023-08-01,
C1132,SMB_232,SMB,2023-04-01,
C1133,SMB_233,SMB,2023-10-01,
C1134,SMB_234,SMB,2023-12-01,
C1135,SMB_235,SMB,2023-05-01,
C1136,SMB_236,SMB,2023-07-01,
C1137,SMB_237,SMB,2023-02-01,
C1138,SMB_238,SMB,2023-11-01,
C1139,SMB_239,SMB,2023-08-01,
C1140,SMB_240,SMB,2022-10-01,
C1141,SMB_241,SMB,2023-03-01,
C1142,SMB_242,SMB,2023-12-01,
C1143,SMB_243,SMB,2023-09-01,
C1144,SMB_244,SMB,2022-10-01,
C1145,SMB_245,SMB,2023-12-01,
C1146,SMB_246,SMB,2022-09-01,
C1147,SMB_247,SMB,2022-09-01,
C1148,SMB_248,SMB,2022-08-01,
C1149,SMB_249,SMB,2022-10-01,
C1150,SMB_250,SMB,2023-06-01,
C1151,SMB_251,SMB,2023-05-01,
C1152,SMB_252,SMB,2023-05-01,
C1153,SMB_253,SMB,2023-07-01,
C1154,SMB_254,SMB,2023-12-01,
C1155,SMB_255,SMB,2023-11-01,
C1156,SMB_256,SMB,2023-11-01,
C1157,SMB_257,SMB,2023-10-01,
C1158,SMB_258,SMB,2023-07-01,
C1159,SMB_259,SMB,2023-08-01,
C1160,SMB_260,SMB,2022-10-01,
C1161,SMB_261,SMB,2023-04-01,
C1162,SMB_262,SMB,2023-01-01,
C1163,SMB_263,SMB,2023-10-01,
C1164,SMB_264,SMB,2023-03-01,
C1165,SMB_265,SMB,2023-11-01,
C1166,SMB_266,SMB,2023-04-01,
C1167,SMB_267,SMB,2023-12-01,
C1168,SMB_268,SMB,2023-12-01,
C1169,SMB_269,SMB,2023-07-01,
C1170,SMB_270,SMB,2023-11-01,
C1171,SMB_271,SMB,2023-03-01,
C1172,SMB_272,SMB,2022-12-01,
C1173,SMB_273,SMB,2023-10-01,
C1174,SMB_274,SMB,2023-01-01,
C1175,SMB_275,SMB,2023-11-01,
C1176,SMB_276,SMB,2023-10-01,
C1177,SMB_277,SMB,2022-11-01,
C1178,SMB_278,SMB,2023-02-01,
C1179,SMB_279,SMB,2023-09-01,
C1180,SMB_280,SMB,2023-06-01,
C1181,SMB_281,SMB,2023-04-01,
C1182,SMB_282,SMB,2023-06-01,
C1183,SMB_283,SMB,2023-04-01,
C1184,SMB_284,SMB,2023-12-01,
C1185,SMB_285,SMB,2023-12-01,
C1186,SMB_286,SMB,2023-10-01,
C1187,SMB_287,SMB,2023-08-01,
C1188,SMB_288,SMB,2023-10-01,
C1189,SMB_289,SMB,2023-11-01,
C1190,SMB_290,SMB,2022-12-01,
C1191,SMB_291,SMB,2023-01-01,
C1192,SMB_292,SMB,2023-01-01,
C1193,SMB_293,SMB,2023-04-01,
C1194,SMB_294,SMB,2023-11-01,
C1195,SMB_295,SMB,2023-11-01,
C1196,SMB_296,SMB,2023-04-01,
C1197,SMB_297,SMB,2023-10-01,
C1198,SMB_298,SMB,2023-12-01,
C1199,SMB_299,SMB,2023-10-01,
C1200,SMB_300,SMB,2023-09-01,
C1201,SMB_301,SMB,2023-10-01,
C1202,SMB_302,SMB,2023-01-01,
C1203,SMB_303,SMB,2023-12-01,
C1204,SMB_304,SMB,2022-12-01,
C1205,SMB_305,SMB,2023-05-01,
C1206,SMB_306,SMB,2023-09-01,
C1207,SMB_307,SMB,2023-09-01,
C1208,SMB_308,SMB,2023-03-01,
C1209,SMB_309,SMB,2022-12-01,
C1210,SMB_310,SMB,2023-09-01,
C1211,SMB_311,SMB,2023-04-01,
C1212,SMB_312,SMB,2023-10-01,
C1213,SMB_313,SMB,2023-08-01,
C1214,SMB_314,SMB,2023-03-01,
C1215,SMB_315,SMB,2023-12-01,
C1216,SMB_316,SMB,2023-08-01,
C1217,SMB_317,SMB,2023-12-01,
C1218,SMB_318,SMB,2023-09-01,
C1219,SMB_319,SMB,2023-10-01,
C1220,SMB_320,SMB,2023-04-01,
C1221,SMB_321,SMB,2023-10-01,
C1222,SMB_322,SMB,2023-05-01,
C1223,SMB_323,SMB,2023-07-01,
C1224,SMB_324,SMB,2022-08-01,
C1225,SMB_325,SMB,2023-06-01,
C1226,SMB_326,SMB,2022-11-01,
C1227,SMB_327,SMB,2023-03-01,
C1228,SMB_328,SMB,2023-07-01,
C1229,SMB_329,SMB,2023-02-01,
C1230,SMB_330,SMB,2023-12-01,
C1231,SMB_331,SMB,2023-04-01,
C1232,SMB_332,SMB,2023-03-01,
C1233,SMB_333,SMB,2023-12-01,
C1234,SMB_334,SMB,2023-10-01,
C1235,SMB_335,SMB,2023-11-01,
C1236,SMB_336,SMB,2023-03-01,
C1237,SMB_337,SMB,2023-04-01,
C1238,SMB_338,SMB,2023-11-01,
C1239,SMB_339,SMB,2023-12-01,
C1240,SMB_340,SMB,2023-12-01,
C1241,SMB_341,SMB,2023-08-01,
C1242,SMB_342,SMB,2023-06-01,
C1243,SMB_343,SMB,2023-06-01,
C1244,SMB_344,SMB,2023-10-01,
C1245,SMB_345,SMB,2023-04-01,
C1246,SMB_346,SMB,2023-11-01,
C1247,SMB_347,SMB,2023-09-01,
C1248,SMB_348,SMB,2023-07-01,
C1249,SMB_349,SMB,2023-01-01,
C1250,SMB_350,SMB,2023-07-01,
C1251,SMB_351,SMB,2023-12-01,
C1252,SMB_352,SMB,2023-12-01,
C1253,SMB_353,SMB,2023-09-01,
C1254,SMB_354,SMB,2023-11-01,
C1255,SMB_355,SMB,2023-05-01,
C1256,SMB_356,SMB,2023-08-01,
C1257,SMB_357,SMB,2023-09-01,
C1258,SMB_358,SMB,2022-09-01,
C1259,SMB_359,SMB,2023-03-01,
C1260,SMB_360,SMB,2023-01-01,
C1261,SMB_361,SMB,2023-12-01,
C1262,SMB_362,SMB,2022-10-01,
C1263,SMB_363,SMB,2023-12-01,
C1264,SMB_364,SMB,2023-04-01,
C1265,SMB_365,SMB,2023-01-01,
C1266,SMB_366,SMB,2023-07-01,
C1267,SMB_367,SMB,2023-11-01,
C1268,SMB_368,SMB,2023-07-01,
C1269,SMB_369,SMB,2023-11-01,
C1270,SMB_370,SMB,2023-04-01,
C1271,SMB_371,SMB,2023-07-01,
C1272,SMB_372,SMB,2023-11-01,
C1273,SMB_373,SMB,2023-11-01,
C1274,SMB_374,SMB,2023-07-01,
C1275,SMB_375,SMB,2023-09-01,
C1276,SMB_376,SMB,2023-10-01,
C1277,SMB_377,SMB,2023-09-01,
C1278,SMB_378,SMB,2023-03-01,
C1279,SMB_379,SMB,2023-11-01,
C1280,SMB_380,SMB,2023-11-01,
C1281,SMB_381,SMB,2023-06-01,
C1282,SMB_382,SMB,2023-09-01,
C1283,SMB_383,SMB,2023-07-01,
C1284,SMB_384,SMB,2023-08-01,
C1285,SMB_385,SMB,2023-08-01,
C1286,SMB_386,SMB,2023-01-01,
C1287,SMB_387,SMB,2023-12-01,
C1288,SMB_388,SMB,2023-03-01,
C1289,SMB_389,SMB,2023-11-01,
C1290,SMB_390,SMB,2023-04-01,
C1291,SMB_391,SMB,2023-04-01,
C1292,SMB_392,SMB,2023-10-01,
C1293,SMB_393,SMB,2023-11-01,
C1294,SMB_394,SMB,2023-02-01,
C1295,SMB_395,SMB,2023-07-01,
C1296,SMB_396,SMB,2023-03-01,
C1297,SMB_397,SMB,2023-12-01,
C1298,SMB_398,SMB,2023-07-01,
C1299,SMB_399,SMB,2023-11-01,
C1300,SMB_400,SMB,2023-06-01,
C1301,SMB_401,SMB,2022-11-01,
C1302,SMB_402,SMB,2023-05-01,
C1303,SMB_403,SMB,2023-12-01,
C1304,SMB_404,SMB,2022-09-01,
C1305,SMB_405,SMB,2023-09-01,
C1306,SMB_406,SMB,2023-12-01,
C1307,SMB_407,SMB,2023-06-01,
C1308,SMB_408,SMB,2023-05-01,
C1309,SMB_409,SMB,2023-04-01,
C1310,SMB_410,SMB,2023-06-01,
C1311,SMB_411,SMB,2023-02-01,
C1312,SMB_412,SMB,2023-05-01,
C1313,SMB_413,SMB,2023-08-01,
C1314,SMB_414,SMB,2023-07-01,
C1315,SMB_415,SMB,2023-09-01,
C1316,SMB_416,SMB,2023-11-01,
C1317,SMB_417,SMB,2023-05-01,
C1318,SMB_418,SMB,2023-12-01,
C1319,SMB_419,SMB,2023-02-01,
C1320,SMB_420,SMB,2023-12-01,
C1321,SMB_421,SMB,2023-07-01,
C1322,SMB_422,SMB,2023-06-01,
C1323,SMB_423,SMB,2023-06-01,
C1324,SMB_424,SMB,2023-05-01,
C1325,SMB_425,SMB,2023-07-01,
C1326,SMB_426,SMB,2022-07-01,
C1327,SMB_427,SMB,2022-09-01,
C1328,SMB_428,SMB,2023-04-01,
C1329,SMB_429,SMB,2023-08-01,
C1330,SMB_430,SMB,2023-03-01,
C1331,SMB_431,SMB,2023-07-01,
C1332,SMB_432,SMB,2023-08-01,
C1333,SMB_433,SMB,2023-09-01,
C1334,SMB_434,SMB,2023-11-01,
C1335,SMB_435,SMB,2023-09-01,
C1336,SMB_436,SMB,2023-09-01,
C1337,SMB_437,SMB,2023-08-01,
C1338,SMB_438,SMB,2023-06-01,
C1339,SMB_439,SMB,2023-03-01,
C1340,SMB_440,SMB,2023-09-01,
C1341,SMB_441,SMB,2023-03-01,
C1342,SMB_442,SMB,2023-08-01,
C1343,SMB_443,SMB,2023-11-01,
C1344,SMB_444,SMB,2023-08-01,
C1345,SMB_445,SMB,2023-02-01,
C1346,SMB_446,SMB,2023-08-01,
C1347,SMB_447,SMB,2023-11-01,
C1348,SMB_448,SMB,2023-03-01,
C1349,SMB_449,SMB,2023-09-01,
C1350,SMB_450,SMB,2022-07-01,
C1351,SMB_451,SMB,2023-09-01,
C1352,SMB_452,SMB,2023-12-01,
C1353,SMB_453,SMB,2023-01-01,
C1354,SMB_454,SMB,2023-04-01,
C1355,SMB_455,SMB,2023-12-01,
C1356,SMB_456,SMB,2023-03-01,
C1357,SMB_457,SMB,2023-10-01,
C1358,SMB_458,SMB,2023-08-01,
C1359,SMB_459,SMB,2023-04-01,
C1360,SMB_460,SMB,2023-11-01,
C1361,SMB_461,SMB,2023-07-01,
C1362,SMB_462,SMB,2023-11-01,
C1363,SMB_463,SMB,2023-07-01,
C1364,SMB_464,SMB,2023-11-01,
C1365,SMB_465,SMB,2023-06-01,
C1366,SMB_466,SMB,2023-11-01,
C1367,SMB_467,SMB,2023-11-01,
C1368,SMB_468,SMB,2023-07-01,
C1369,SMB_469,SMB,2023-02-01,
C1370,SMB_470,SMB,2022-09-01,
C1371,SMB_471,SMB,2023-08-01,
C1372,SMB_472,SMB,2023-02-01,
C1373,SMB_473,SMB,2023-10-01,
C1374,SMB_474,SMB,2022-12-01,
C1375,SMB_475,SMB,2023-03-01,
C1376,SMB_476,SMB,2022-12-01,
C1377,SMB_477,SMB,2023-09-01,
C1378,SMB_478,SMB,2023-08-01,
C1379,SMB_479,SMB,2023-11-01,
C1380,SMB_480,SMB,2023-12-01,
C1381,SMB_481,SMB,2023-02-01,
C1382,SMB_482,SMB,2023-09-01,
C1383,SMB_483,SMB,2023-12-01,
C1384,SMB_484,SMB,2023-12-01,
C1385,SMB_485,SMB,2023-11-01,
C1386,SMB_486,SMB,2023-05-01,
C1387,SMB_487,SMB,2023-12-01,
C1388,SMB_488,SMB,2023-05-01,
C1389,SMB_489,SMB,2023-09-01,
C1390,SMB_490,SMB,2023-10-01,
C1391,SMB_491,SMB,2022-11-01,
C1392,SMB_492,SMB,2023-02-01,
C1393,SMB_493,SMB,2023-05-01,
C1394,SMB_494,SMB,2023-03-01,
C1395,SMB_495,SMB,2022-10-01,
C1396,SMB_496,SMB,2023-12-01,
C1397,SMB_497,SMB,2023-04-01,
C1398,SMB_498,SMB,2023-08-01,
C1399,SMB_499,SMB,2023-05-01,
C1400,SMB_500,SMB,2023-12-01,
C1401,SMB_501,SMB,2023-12-01,
C1402,SMB_502,SMB,2023-05-01,
C1403,SMB_503,SMB,2023-10-01,
C1404,SMB_504,SMB,2023-06-01,
C1405,SMB_505,SMB,2023-04-01,
C1406,SMB_506,SMB,2023-09-01,
C1407,SMB_507,SMB,2022-10-01,
C1408,SMB_508,SMB,2023-08-01,
C1409,SMB_509,SMB,2023-12-01,
C1410,SMB_510,SMB,2023-10-01,
C1411,SMB_511,SMB,2023-04-01,
C1412,SMB_512,SMB,2023-12-01,
C1413,SMB_513,SMB,2023-11-01,
C1414,SMB_514,SMB,2022-08-01,
C1415,SMB_515,SMB,2023-10-01,
C1416,SMB_516,SMB,2023-10-01,
C1417,SMB_517,SMB,2023-06-01,
C1418,SMB_518,SMB,2023-11-01,
C1419,SMB_519,SMB,2023-11-01,
C1420,SMB_520,SMB,2023-01-01,
C1421,SMB_521,SMB,2022-11-01,
C1422,SMB_522,SMB,2023-11-01,
C1423,SMB_523,SMB,2023-01-01,
C1424,SMB_524,SMB,2023-10-01,
C1425,SMB_525,SMB,2023-07-01,
C1426,SMB_526,SMB,2023-12-01,
C1427,SMB_527,SMB,2023-07-01,
C1428,SMB_528,SMB,2023-07-01,
C1429,SMB_529,SMB,2023-10-01,
C1430,SMB_530,SMB,2023-06-01,
C1431,SMB_531,SMB,2023-09-01,
C1432,SMB_532,SMB,2023-11-01,
C1433,SMB_533,SMB,2023-06-01,
C1434,SMB_534,SMB,2022-10-01,
C1435,SMB_535,SMB,2023-04-01,
C1436,SMB_536,SMB,2023-11-01,
C1437,SMB_537,SMB,2023-09-01,
C1438,SMB_538,SMB,2023-09-01,
C1439,SMB_539,SMB,2023-05-01,
C1440,SMB_540,SMB,2023-11-01,
C1441,SMB_541,SMB,2023-05-01,
C1442,SMB_542,SMB,2022-11-01,
C1443,SMB_543,SMB,2023-12-01,
C1444,SMB_544,SMB,2023-03-01,
C1445,SMB_545,SMB,2023-03-01,
C1446,SMB_546,SMB,2023-08-01,
C1447,SMB_547,SMB,2023-05-01,
C1448,SMB_548,SMB,2023-10-01,
C1449,SMB_549,SMB,2023-09-01,
C1450,SMB_550,SMB,2023-12-01,
C1451,SMB_551,SMB,2023-11-01,
C1452,SMB_552,SMB,2023-07-01,
C1453,SMB_553,SMB,2023-11-01,
C1454,SMB_554,SMB,2023-09-01,
C1455,SMB_555,SMB,2023-10-01,
C1456,SMB_556,SMB,2023-12-01,
C1457,SMB_557,SMB,2023-04-01,
C1458,SMB_558,SMB,2023-11-01,
C1459,SMB_559,SMB,2023-09-01,
C1460,SMB_560,SMB,2023-09-01,
C1461,SMB_561,SMB,2023-06-01,
C1462,SMB_562,SMB,2023-01-01,
C1463,SMB_563,SMB,2023-11-01,
C1464,SMB_564,SMB,2023-02-01,
C1465,SMB_565,SMB,2023-09-01,
C1466,SMB_566,SMB,2023-08-01,
C1467,SMB_567,SMB,2023-06-01,
C1468,SMB_568,SMB,2023-01-01,
C1469,SMB_569,SMB,2023-09-01,
C1470,SMB_570,SMB,2023-09-01,
C1471,SMB_571,SMB,2023-10-01,
C1472,SMB_572,SMB,2023-04-01,
C1473,SMB_573,SMB,2023-11-01,
C1474,SMB_574,SMB,2023-04-01,
C1475,SMB_575,SMB,2023-10-01,
C1476,SMB_576,SMB,2023-08-01,
C1477,SMB_577,SMB,2023-06-01,
C1478,SMB_578,SMB,2023-04-01,
C1479,SMB_579,SMB,2023-03-01,
C1480,SMB_580,SMB,2023-09-01,
C1481,SMB_581,SMB,2023-11-01,
C1482,SMB_582,SMB,2023-05-01,
C1483,SMB_583,SMB,2023-04-01,
C1484,SMB_584,SMB,2023-03-01,
C1485,SMB_585,SMB,2023-11-01,
C1486,SMB_586,SMB,2023-12-01,
C1487,SMB_587,SMB,2023-03-01,
C1488,SMB_588,SMB,2023-07-01,
C1489,SMB_589,SMB,2023-07-01,
C1490,SMB_590,SMB,2023-09-01,
C1491,SMB_591,SMB,2023-07-01,
C1492,SMB_592,SMB,2023-05-01,
C1493,SMB_593,SMB,2023-11-01,
C1494,SMB_594,SMB,2023-05-01,
C1495,SMB_595,SMB,2023-05-01,
C1496,SMB_596,SMB,2023-09-01,
C1497,SMB_597,SMB,2023-05-01,
C1498,SMB_598,SMB,2023-05-01,
C1499,SMB_599,SMB,2023-07-01,
C1500,SMB_600,SMB,2023-09-01,
